Revenue_Bucket,Customer_Count,Total_Sales,Total_Profit,Avg_Order_Value
High,336,977471.0036,52338.8793,2115.738103030303
Low,787,191317.1464,14359.6746,31.358325913784626
Medium,755,1092748.6327,42006.6218,337.58067120790855
